{
  "soundstream": {
    "SI-SDR (dB)": 0.6504830680824654,
    "Mel Distance": 10.17432689666748,
    "MSE": 0.054554954171180725,
    "MAE": 0.15491826832294464
  },
  "dac": {
    "SI-SDR (dB)": 9.147897236286742,
    "Mel Distance": 2.74617338180542,
    "MSE": 0.01252598688006401,
    "MAE": 0.07186859846115112
  },
  "encodec": {
    "SI-SDR (dB)": 10.782055762814949,
    "Mel Distance": 2.455169677734375,
    "MSE": 0.008829128928482533,
    "MAE": 0.057339295744895935
  },
  "chimera_24kbps": {
    "Mel Distance": 0.6069387788998757,
    "SI-SDR (dB)": 16.492062870553625,
    "ViSQOL": 4.249067779801041,
    "MSE": 0.01189968753606081,
    "MAE": 0.06827516853809357
  },
  "chimera_30kbps": {
    "Mel Distance": 0.5074406184244862,
    "SI-SDR (dB)": 18.2227114433895,
    "ViSQOL": 4.461016528912256,
    "MSE": 0.01102286845445633,
    "MAE": 0.06324436664581298
  }
}