{
  "dac": {
    "SI-SDR (dB)": 9.147897236286742,
    "Mel Distance": 2.74617338180542,
    "MSE": 0.01252598688006401,
    "MAE": 0.07186859846115112
  },
  "encodec": {
    "SI-SDR (dB)": 10.782055762814949,
    "Mel Distance": 2.455169677734375,
    "MSE": 0.008829128928482533,
    "MAE": 0.057339295744895935
  },
  "soundstream": {
    "SI-SDR (dB)": 0.6504830680824654,
    "Mel Distance": 10.17432689666748,
    "MSE": 0.054554954171180725,
    "MAE": 0.15491826832294464
  },
  "chimera_24kbps": {
    "SI-SDR (dB)": 11.316946326273744,
    "Mel Distance": 2.600243082002682,
    "MSE": 0.007977960267492026,
    "MAE": 0.057976483167049266
  },
  "chimera_30kbps": {
    "SI-SDR (dB)": 12.266124224201047,
    "Mel Distance": 2.4871634593788428,
    "MSE": 0.00646279965862315,
    "MAE": 0.05262298770163381
  }
}