{
  "dac": {
    "SI-SDR (dB)": 7.748052276864731,
    "Mel Distance": 2.9262382984161377,
    "MSE": 0.016112055629491806,
    "MAE": 0.0821191668510437
  },
  "encodec": {
    "SI-SDR (dB)": 9.823649577362367,
    "Mel Distance": 2.6394317150115967,
    "MSE": 0.010413500480353832,
    "MAE": 0.0652574673295021
  },
  "soundstream": {
    "SI-SDR (dB)": 0.16157119770025746,
    "Mel Distance": 9.908557891845703,
    "MSE": 0.053736116737127304,
    "MAE": 0.15263473987579346
  },
  "chimera_24kbps": {
    "SI-SDR (dB)": 10.813465778440804,
    "Mel Distance": 2.4646013567756104,
    "MSE": 0.008439318556331767,
    "MAE": 0.06044175841915141
  },
  "chimera_30kbps": {
    "SI-SDR (dB)": 12.104759053848557,
    "Mel Distance": 2.1928478617406757,
    "MSE": 0.006398387250531065,
    "MAE": 0.05280205631294637
  }
}