{
  "dac": {
    "SI-SDR (dB)": 10.120251474245185,
    "Mel Distance": 2.7735238075256348,
    "MSE": 0.008664214052259922,
    "MAE": 0.06390003114938736
  },
  "encodec": {
    "SI-SDR (dB)": 11.995823188024605,
    "Mel Distance": 2.421562671661377,
    "MSE": 0.005835738033056259,
    "MAE": 0.051238056272268295
  },
  "soundstream": {
    "SI-SDR (dB)": 0.901637736237164,
    "Mel Distance": 9.679550170898438,
    "MSE": 0.0444515123963356,
    "MAE": 0.144211545586586
  },
  "chimera_24kbps": {
    "SI-SDR (dB)": 11.944514416587833,
    "Mel Distance": 2.3186344718808956,
    "MSE": 0.005978768020867674,
    "MAE": 0.053148128518453144
  },
  "chimera_30kbps": {
    "SI-SDR (dB)": 12.9725987255683,
    "Mel Distance": 2.202299077535725,
    "MSE": 0.004770353665912556,
    "MAE": 0.04794538657383291
  }
}